Book Name,Author,Rating,Price
Deewar Mein Ek Khidki Rahti Thi । दीवार में एक खिड़की रहती थी [ साहित्य अकादमी पुरस्कार से पुरस्कृत उपन्यास ],Vinod Kumar Shukla,4.4,₹170.00
National council of educational research and training,unknown-author,,₹280.00
My First Book of Patterns Pencil Control: Patterns Practice book for kids (Pattern Writing) |Best Selling Tracing Book for Kids in India | Early Learning | Tracing Lines & Pattern Writing Activities | Premium Quality Return Gift | Ages 2 - 5 Years | 1.5 hours of fun time,Wonder House Books,4.4,₹99.00
"531 वीणा, कक्षा 5 के लिए हिंदी की पाठ्यपुस्तक (Edition First Edition)",National council of educational research and training,4.4,₹65.00
My First Library: Boxset of 10 Board Books for Kids,Wonder House Books,4.5,₹344.00
"532 Santoor, Textbook of English for Grade 5 (Edition First Edition)",National council of educational research and training,4.4,₹65.00
National council of educational research and training,unknown-author,,₹200.00
BlackBook of English Vocabulary May 2024,Nikhil Gupta,4.5,₹242.00
"White Nights – Fyodor Dostoyevsky | A Million-Copy Bestseller | A Timeless Story of Love, Longing & Solitude – Penguin Classics",Fyodor Dostoyevsky,4.6,₹99.00
The Psychology of Money,Morgan Housel,4.6,₹259.00
"Parmar SSC Fatman | GK/GS Theory Book | English Medium | 1st Edition, 2025 | Useful For SSC CGL and CHSL (Tier 1 & 2) | CPO | MTS | Steno | Selection Post | JE | GD | Defence | Railway | PCS | State Police & All Other One Day Competitive Examination",Parmar Sir,4.1,₹417.00
The Power of Your Subconscious Mind: Original Classic Edition | Premium Paperback,Joseph Murphy,4.4,₹99.00
"Ikigai: The Japanese Secret to a Long and Happy Life | A Global Self-Help Phenomenon that Guides You Towards a Joyful, Balanced, and Meaningful Life",Héctor García,4.6,₹335.00
Atomic Habits: The life-changing million copy bestseller,James Clear,4.6,₹471.00
National council of educational research and training,unknown-author,,₹65.00
PW Maths Made EJEE Class 11 Handwritten Notes By Sachin Jhakar For JEE Exams,Sachin Jakhar,5.0,₹411.00
My First 365 Coloring Book: Jumbo Coloring Book For Kids (With Tear Out Sheets),Wonder House Books,4.5,₹189.00
Don't Believe Everything You Think (English),Joseph Nguyen,4.5,₹163.00
Animals Tales From Panchtantra: Timeless Stories for Children From Ancient India,Wonder House Books,4.5,₹179.00
Dopamine Detox: A Short Guide to Remove Distractions and Get Your Brain to Do Hard Things,Thibaut Meurisse,4.4,₹181.00
"Writing Practice Boxset: Pack of 4 Books | Writing Fun: Write And Practice Capital Letters, Small Letters, Patterns and Numbers 1 to 10 | Ages 3 to 6 | 2 hours of writing activites",Wonder House Books,4.3,₹177.00
"The Art of Being Alone: Loneliness Was My Cage, Solitude Is My Home (English)",Renuka Gavrani,4.4,₹179.00
101 Pencil Control Activity Book For Kids: Tracing Practise Book | Age 2+ and up | 4 hours of writing activities,Wonder House Books,4.4,₹159.00
Heart Lamp: Selected Stories | WINNER OF THE INTERNATIONAL BOOKER PRIZE 2025,Dr Banu Mushtaq,4.4,₹243.00
"PW Half Yearly Current Affairs Magazine Vol. 1 January to June 2025 By Krati Singh | For SSC, Banking, Teaching, Railway, Defence and Other Competitive Exams 2025-26 English Edition",Krati Singh,2.5,₹135.00
"G S Sudha Study Guide for SSC, DSSSB, ICARI, CRPF and State Exams, By Ankit Bhati Sir & Naveen Sharma Sir Rwa",Ankit Bhati Sir,4.0,₹279.00
1001 Ultimate Brain Booster Activity book for 3 to 6 Years Old Kids |Enhance the Child Mind with Cognitive Excellence with Interactive Activity Book,Team Pegasus,4.6,₹281.00
"873 Poorvi, Textbook of English for Grade 8 (Edition First Edition)",National council of educational research and training,4.6,₹61.00
"Arihant All in One Social Science Class 10 for CBSE Exams 2025-26 | Revised Edition as per latest syllabus I Mind Maps, CBQs, Focused Theory, Practice Exercises, Sample Papers",Kriti Arora,4.2,₹385.00
World’s Greatest Books For Personal Growth & Wealth (Set of 4 Books) : Perfect Motivational Gift Set,"George S. Clason Dale Carnegie, Napoleon Hill, Dr. Joseph Murphy",4.5,₹315.00
Days at the Morisaki Bookshop: The perfect book to curl up with - for lovers of Japanese translated fiction everywhere,Satoshi Yagisawa,4.4,₹262.00
"My First Mythology Tale (Illustrated) (Set of 5 Books) - Mahabharata, Krishna, Hanuman, Ganesha, Ramayana - Story Book for Kids",Maple Press,4.4,₹165.00
"Indian Polity (English) by M Laxmikanth for UPSC CSE 2025 | 7th edition (latest) | Civil Services Exam - Prelims, Mains and Interview | State PSCs exams/ PCS exams | Exclusive access to McGraw Hill edge online platform: Practice tests, Expert sessions, Preparation strategy and much more",M Laxmikanth,4.6,₹668.00
Physics Wallah PW EaJEE Handwritten Notes For Physical Chemistry By Faisal Razaq | Chapterwise and Topicwise 1200+ Questions | Complete JEE Main & Advanced Syllabus | Handpicked PYQs,Faisal Razaq,4.6,₹408.00
"Grandma's Bag of Stories: Collection of 20+ Illustrated short stories, traditional Indian folk tales by Sudha Murty",Sudha Murty,4.6,₹179.00
Meditations,Marcus Aurelius,4.3,₹109.00
National council of educational research and training,unknown-author,,₹65.00
THE ONE THING,Gary Keller,4.6,₹179.00
The Power of Your Subconscious Mind: Original Edition | Premium Paperback,Joseph Murphy,4.4,₹99.00
"Problems in Physical Chemistry for JEE (Main & Advanced) - 18th Edition, 2025",Narendra Avasthi,4.5,₹581.00
Physics Wallah PW CBSE Question & Concept Bank (QCB) Class 10 Science Chapter-wise and Topic-wise Solved Questions For 2026 Exams with 50% Competency Based Question,Rakshak Dua,4.4,₹399.00
The Alchemist,Paulo Coelho,4.6,₹219.00
"Quantitative Aptitude (Revised Edition 2025): For All Govt. Competitive Exams for Banking, SSC CGL CHSL MTS GD, RRB Railway, Police, UPSC Civil Service, IBPS, SBI BANK PO | S Chand Exam Book 2025",Dr. R.S. Aggarwal,4.3,₹458.00
Educart One-shot Science CBSE Class 10 Question Bank 2025-26 on new Syllabus 2026 (Strictly for Boards Exam),Prashant Kirad,4.4,₹342.00
"Educart Granth CBSE Class 10 Previous 10 Year Solved Papers 2026 - with PYQ Charts (Mathematics Standard & Basic, Social Science, Science, Hindi A & B, English, Computer Applications, IT and Sanskrit) for 2025-26 Boards",Prem Sharma,4.6,₹599.00
"Educart One-shot CBSE Class 10 Question Bank 2025-26 Bundle - Science, Mathematics, Social Science and English on New Syllabus 2026 (Strictly for Boards Exam)",Prashant Kirad,4.3,"₹1,201.00"
"Addition and Subtraction Activity Book For Children - 80+ Activities Inside | Ages 5, 6, 7 | 2.5 hours of interactive and skill building fun",Wonder House Books,4.4,₹93.00
Shlokas and Mantras For Kids Illustrated Padded Board Book Learn About India's Rich Culture and Tradition In Three Languages,Wonder House Books,4.7,₹178.00
It’s Time to Say Goodnight,Illustrated by Eulalia Rosa,4.4,₹189.00
"Arihant All in One English Core Class 12 for CBSE Exams 2025-26 | Simplified Theory, Topicwise Illustrations & Practice Questions, All Types of Exam Pattern Questions, CBQs, MCQs, A-R, Case Based, Sample Question Papers, Board Questions Upto 2025, Mind Maps, & Project Work",Parneet Kaur,4.4,₹317.00
Concepts of Physics - HC Verma - Vol 1 and 2 - Set of 2 Books - [ORIGINAL BOOKS-TOP GRADE PAPER & PRINT] - For 2025-26 Exams - Latest Editions,H. C. Verma,4.6,₹947.00
"Too Good to Be True : A smart, funny will-they-won’t-they romance by mostlysane",Prajakta Koli,4.4,₹236.00
English Chart For Kids (16 Charts ) 36 x 50 cm - Children Spiral Wall Picture Chart,GOWOO,4.2,₹142.00
VOCABULARY PRODIGY - ENGLISH WITH NIMISHA BANSAL,NIMISHA BANSAL,4.5,₹280.00
Neetu Singh Vol-1 | English for General Competitions | Updated 2025 Edition | KD Publication | Best For All Government Exams,Neetu Singh,4.3,₹299.00
Concept of Physics by H.C Verma Part - I & II with Solutions of both the Volumes - Set of 4 Books - Examination - 2025-26,H. C. Verma,4.4,"₹1,179.00"
"Arihant All in One English Language & Literature Class 10 for CBSE Exams 2025-26 | Revised Edition as per latest syllabus | CBQs, Focused Theory, Reading, Writing, Grammar & Literature, Review Exercises, Sample Papers",Parneet Kaur,4.2,₹415.00
"Arihant All in One Science Class 9 for CBSE Exam 2025-26 | As per Recommendations of NEP 2020 | Based on the latest NCERT | Mind Map in Each Chapter and Competency-Based Questions | Complete Study, Complete Practice, Complete Assessment",Heena Sharma,4.6,₹278.00
"The Housemaid: An Absolutely Addictive Psychological Thriller with a Jaw-Dropping Twist (The Housemaid series, Book1) | TikTok Viral & Bestseller Pick",The Housemaid Freida McFadden,4.4,₹338.00
"The Magic Of The Lost Temple**: Illustrated, easy to read and much-loved first full length children's fiction novel by Sudha Murty for ages 8-12",Sudha Murty,4.6,₹181.00
